,Candidate,Vote Share,Vote Total,District,State,"Determine representatives each day when winner represents last day, and all prior days alternate "
1,R Winner B. Byrne (I),Uncontested,NA,1,alabama,"between top vote getter for each party, where a “party” must get 5% of the vote to qualify for representation, "
2,R Winner M. Roby (i),54.6%,134450,2,alabama,and representation is split so that each representatives serve a percentage of days in office equivalent 
3,D N. Mathis,45.4%,111640,2,alabama,"to their vote share relative to that of the other qualifying top finishers, and unaffiliated candidates are all "
4,R Winner M. Rogers (I),67.1%,190724,3,alabama,considered to be in a party separate from all other parties and all other unaffiliated candidates. 
5,D J. Smith,32.9%,93567,3,alabama,
6,R Winner R. Aderholt (I),Uncontested,NA,4,alabama,
7,R Winner M. Brooks (I),66.8%,204791,5,alabama,
8,D W. Boyd,33.2%,101577,5,alabama,
9,R Winner G. Palmer (I),74.8%,240897,6,alabama,
10,D D. Putman,25.2%,81296,6,alabama,
11,D Winner T. Sewell (i),Uncontested,NA,7,alabama,
12,R Winner D. Young (I),50.5%,125729,1,alaska,
13,D S. Lindbeck,36.5%,90784,1,alaska,
14,L J. McDermott,10.1%,25104,1,alaska,
15,N B. Souphanavong,2.9%,7158,1,alaska,
16,D Winner T. O'Halleran,50.8%,117048,1,arizona,
17,R P. Babeu,43.5%,100236,1,arizona,
18,G R. Parrish,5.7%,13122,1,arizona,
19,R Winner M. McSally (i),56.7%,157677,2,arizona,
20,D M. Heinz,43.3%,120572,2,arizona,
21,D Winner R. Grijalva (i),Uncontested,NA,3,arizona,
22,R Winner P. Gosar (i),71.5%,171901,4,arizona,
23,D M. Weisser,28.5%,68460,4,arizona,
24,R Winner A. Biggs,63.1%,157980,5,arizona,
25,D T. Fuentes,36.9%,92225,5,arizona,
26,R Winner D. Schweikert (i),61.6%,158978,6,arizona,
27,D J. Williamson,38.4%,99008,6,arizona,
28,D Winner R. Gallego (i),74.6%,88219,7,arizona,
29,R E. Nunez,25.4%,30040,7,arizona,
30,R Winner T. Franks (i),68.6%,165593,8,arizona,
31,G M. Salazar,31.4%,75963,8,arizona,
32,D Winner K. Sinema (i),61.1%,132281,9,arizona,
33,R D. Giles,38.9%,84137,9,arizona,
34,R Winner R. Crawford (i),76.5%,183068,1,arkansas,
35,L M. West,23.5%,56200,1,arkansas,
36,R Winner F. Hill (i),58.4%,176100,2,arkansas,
37,D D. Curry,36.8%,111049,2,arkansas,
38,L C. Hayes,4.7%,14287,2,arkansas,
39,R Winner S. Womack (i),77.3%,214268,3,arkansas,
40,L S. Isaacson,22.7%,62793,3,arkansas,
41,R Winner B. Westerman (i),74.9%,181921,4,arkansas,
42,L K. Hicks,25.1%,60969,4,arkansas,
43,R Winner D. La Malfa (i),59.5%,164907,1,california,
44,D J. Reed,40.5%,112183,1,california,
45,D Winner J. Huffman (i),77.1%,177724,2,california,
46,R D. Mensing,22.9%,52818,2,california,
47,D Winner J. Garamendi (i),58.2%,127623,3,california,
48,R E. Cleek,41.8%,91544,3,california,
49,R Winner T. McClintock (i),62.8%,196613,4,california,
50,D R. Derlet,37.2%,116541,4,california,
51,D Winner M. Thompson (i),77.2%,172810,5,california,
52,R C. Santamaria,22.8%,51098,5,california,
53,D Winner D. Matsui (i),75.2%,145704,6,california,
54,R R. Evans,24.8%,47926,6,california,
55,D Winner A. Bera (i),51.2%,129064,7,california,
56,R S. Jones,48.8%,123056,7,california,
57,R Winner P. Cook (i),62.7%,129690,8,california,
58,D R. Ramirez,37.3%,76999,8,california,
59,D Winner J. McNerney (i),57.6%,106256,9,california,
60,R T. Amador,42.4%,78121,9,california,
61,R Winner J. Denham (i),52.4%,110659,10,california,
62,D M. Eggman,47.6%,100646,10,california,
63,D Winner M. DeSaulnier (i),71.8%,194345,11,california,
64,R R. Petersen,28.2%,76473,11,california,
65,D Winner N. Pelosi (i),81.0%,250378,12,california,
66,O P. Picus,19.0%,58577,12,california,
67,D Winner B. Lee (i),90.7%,277390,13,california,
68,R S. Caro,9.3%,28413,13,california,
69,D Winner J. Speier (i),80.9%,213612,14,california,
70,R A. Cardenas,19.1%,50485,14,california,
71,D Winner E. Swalwell (i),73.8%,188179,15,california,
72,R D. Turner,26.2%,66959,15,california,
73,D Winner J. Costa (i),57.8%,72111,16,california,
74,R J. Tacherra,42.2%,52570,16,california,
75,D Winner R. Khanna,61.1%,135607,17,california,
76,D M. Honda (i),38.9%,86505,17,california,
77,D Winner A. Eshoo (i),71.2%,220139,18,california,
78,R R. Fox,28.8%,88907,18,california,
79,D Winner Z. Lofgren (i),74.0%,171688,19,california,
80,R B. Lancaster,26.0%,60420,19,california,
81,D Winner J. Panetta,70.6%,144870,20,california,
82,R C. Lucius,29.4%,60324,20,california,
83,R Winner D. Valadao (i),58.0%,68481,21,california,
84,D E. Huerta,42.0%,49643,21,california,
85,R Winner D. Nunes (i),68.2%,143333,22,california,
86,D L. Campos,31.8%,66802,22,california,
87,R Winner K. McCarthy (i),70.0%,151346,23,california,
88,D W. Reed,30.0%,64842,23,california,
89,D Winner S. Carbajal,53.2%,155492,24,california,
90,R J. Fareed,46.8%,136532,24,california,
91,R Winner S. Knight (i),54.2%,112768,25,california,
92,D B. Caforio,45.8%,95296,25,california,
93,D Winner J. Brownley (i),59.9%,148550,26,california,
94,R R. Dagnesses,40.1%,99597,26,california,
95,D Winner J. Chu (i),66.5%,133766,27,california,
96,R J. Orswell,33.5%,67421,27,california,
97,D Winner A. Schiff (i),77.9%,168082,28,california,
98,R L. Solis,22.1%,47619,28,california,
99,D Winner T. Cardenas (i),75.2%,98879,29,california,
100,D R. Alarcon,24.8%,32656,29,california,
101,D Winner B. Sherman (i),72.4%,159974,30,california,
102,R M. Reed,27.6%,60865,30,california,
103,D Winner P. Aguilar (i),55.7%,111870,31,california,
104,R P. Chabot,44.3%,89070,31,california,
105,D Winner G. Napolitano (i),62.4%,93059,32,california,
106,D R. Hernandez,37.6%,56050,32,california,
107,D Winner T. Lieu (i),66.3%,173778,33,california,
108,R K. Wright,33.7%,88507,33,california,
109,D Winner X. Becerra (i),78.2%,97305,34,california,
110,D A. Edwards,21.8%,27091,34,california,
111,D Winner N. Torres (i),71.8%,109767,35,california,
112,R T. Fischella,28.2%,43189,35,california,
113,D Winner R. Ruiz (i),61.4%,132252,36,california,
114,R J. Stone,38.6%,83049,36,california,
115,D Winner K. Bass (i),82.0%,150535,37,california,
116,D C. Wiggins,18.0%,33082,37,california,
117,D Winner L. Sanchez (i),69.7%,131099,38,california,
118,R R. Downing,30.3%,56883,38,california,
119,R Winner E. Royce (i),57.7%,138907,39,california,
120,D B. Murdock,42.3%,101651,39,california,
121,D Winner L. Roybal-Allard (i),71.9%,82789,40,california,
122,O R. Gonzalez,28.1%,32404,40,california,
123,D Winner M. Takano (i),64.4%,115859,41,california,
124,R D. Shepherd,35.6%,64153,41,california,
125,R Winner K. Calvert (i),59.0%,139915,42,california,
126,D T. Sheridan,41.0%,97123,42,california,
127,D Winner M. Waters (i),75.6%,128551,43,california,
128,R O. Navarro,24.4%,41507,43,california,
129,D Winner N. Barragan,51.1%,70303,44,california,
130,D I. Hall,48.9%,67177,44,california,
131,R Winner M. Walters (i),59.0%,171736,45,california,
132,D R. Varasteh,41.0%,119521,45,california,
133,D Winner L. Correa,69.9%,103475,46,california,
134,D B. Nguyen,30.1%,44652,46,california,
135,D Winner A. Lowenthal (i),62.5%,127832,47,california,
136,R A. Whallon,37.5%,76670,47,california,
137,R Winner D. Rohrabacher (i),58.5%,165987,48,california,
138,D S. Savary,41.5%,117716,48,california,
139,R Winner  D. Issa (i),51.0%,134428,49,california,
140,D D. Applegate,49.0%,129100,49,california,
141,R Winner D. Hunter (i),63.9%,148880,50,california,
142,D P. Malloy,36.1%,84142,50,california,
143,D Winner J. Vargas (i),71.9%,108932,51,california,
144,R J. Hidalgo,28.1%,42676,51,california,
145,D Winner S. Peters (i),56.4%,148651,52,california,
146,R D. Gitsham,43.6%,115013,52,california,
147,D Winner S. Davis (i),66.1%,151269,53,california,
148,R J. Veltmeyer,33.9%,77436,53,california,
149,D Winner D. DeGette (i),67.8%,189837,1,colorado,
150,R C. Stockham,28.4%,79561,1,colorado,
151,L D. Dinges,3.8%,10549,1,colorado,
152,D Winner J. Polis (i),56.8%,251988,2,colorado,
153,R N. Morse,37.4%,166020,2,colorado,
154,L R. Longstreth,5.8%,25858,2,colorado,
155,R Winner S. Tipton (i),54.6%,191917,3,colorado,
156,D G. Schwartz,40.6%,142794,3,colorado,
157,L G. Kent,4.8%,16996,3,colorado,
158,R Winner K. Buck (i),63.8%,241424,4,colorado,
159,D B. Seay,31.5%,119249,4,colorado,
160,L B. Griffith,4.7%,17925,4,colorado,
161,R Winner D. Lamborn (i),62.4%,222169,5,colorado,
162,D M. Plowright,30.8%,109573,5,colorado,
163,L M. McRedmond,6.8%,24320,5,colorado,
164,R Winner M. Coffman (i),51.3%,180727,6,colorado,
165,D M. Carroll,42.4%,149417,6,colorado,
166,L N. Olsen,4.9%,17102,6,colorado,
167,G R. Worthey,1.4%,5038,6,colorado,
168,D Winner E. Perlmutter (i),55.2%,185208,7,colorado,
169,R G. Athanasopoulos,40.0%,134244,7,colorado,
170,L M. Buchanan,4.7%,15831,7,colorado,
171,D Winner J. Larson (i),63.6%,193040,1,connecticut,
172,R M. Corey,34.3%,104214,1,connecticut,
173,G M. DeRosa,2.1%,6283,1,connecticut,
174,D Winner J. Courtney (i),63.0%,207584,2,connecticut,
175,R D. Novak,33.9%,111587,2,connecticut,
176,G J. Pelto,1.6%,5332,2,connecticut,
177,L D. Reale,1.5%,5016,2,connecticut,
178,D Winner R. DeLauro (i),68.7%,208900,3,connecticut,
179,R A. Cadena,31.3%,95370,3,connecticut,
180,D Winner J. Himes (i),60.1%,185928,4,connecticut,
181,R J. Shaban,39.9%,123630,4,connecticut,
182,D Winner E. Esty (i),57.9%,174788,5,connecticut,
183,R C. Cope,42.1%,126842,5,connecticut,
184,D Winner L. Rochester,55.5%,233542,1,delaware,
185,R H. Reigle,41.0%,172290,1,delaware,
186,G M. Perri,2.0%,8325,1,delaware,
187,L S. Gesty,1.5%,6436,1,delaware,
188,R Winner M. Gaetz,69.1%,254280,1,florida,
189,D S. Specht,30.9%,113586,1,florida,
190,R Winner N. Dunn,67.3%,230838,2,florida,
191,D W. Dartland,29.9%,102596,2,florida,
192,L R. Lapham,2.7%,9384,2,florida,
193,R Winner T. Yoho (i),56.6%,193261,3,florida,
194,D K. McGurn,39.7%,135688,3,florida,
195,N T. Wells,3.6%,12438,3,florida,
196,R Winner J. Rutherford,70.2%,286018,4,florida,
197,D D. Bruderly,27.6%,112253,4,florida,
198,N G. Koniz,2.2%,8990,4,florida,
199,D Winner A. Lawson,64.2%,193430,5,florida,
200,R G. Smith,35.8%,107784,5,florida,
201,R Winner R. DeSantis (i),58.6%,213180,6,florida,
202,D B. McCullough,41.4%,150677,6,florida,
203,D Winner S. Murphy,51.5%,181758,7,florida,
204,R J. Mica (i),48.5%,171412,7,florida,
205,R Winner B. Posey (i),63.1%,246257,8,florida,
206,D C. Westbrook,32.5%,126962,8,florida,
207,N B. Stinson,4.3%,16924,8,florida,
208,D Winner D. Soto,57.5%,194963,9,florida,
209,R W. Liebnitzky,42.5%,144281,9,florida,
210,D Winner V. Demings,64.9%,198309,10,florida,
211,R T. Lowe,35.1%,107423,10,florida,
212,R Winner D. Webster (i),65.4%,257881,11,florida,
213,D D. Koller,31.6%,124599,11,florida,
214,N B. Riggs,3.0%,11961,11,florida,
215,R Winner G. Bilirakis (i),68.6%,253347,12,florida,
216,D R. Tager,31.4%,115909,12,florida,
217,D Winner C. Crist,51.9%,184371,13,florida,
218,R D. Jolly (i),48.1%,170964,13,florida,
219,D Winner K. Castor (i),61.8%,194851,14,florida,
220,R C. Quinn,38.2%,120584,14,florida,
221,R Winner D. Ross (i),57.5%,182498,15,florida,
222,D J. Lange,42.5%,134945,15,florida,
223,R Winner V. Buchanan (i),59.8%,230187,16,florida,
224,D J. Schneider,40.2%,154854,16,florida,
225,R Winner T. Rooney (i),61.8%,209135,17,florida,
226,D A. Freeman,34.2%,115801,17,florida,
227,N J. Sawyer,3.9%,13336,17,florida,
228,R Winner B. Mast,53.6%,201011,18,florida,
229,D R. Perkins,43.0%,161328,18,florida,
230,N C. Spalding,3.3%,12451,18,florida,
231,R Winner F. Rooney,65.9%,238975,19,florida,
232,D R. Neeld,34.1%,123625,19,florida,
233,D Winner A. Hastings (i),80.3%,220452,20,florida,
234,R G. Stein,19.7%,54079,20,florida,
235,D Winner L. Frankel (i),62.7%,208999,21,florida,
236,R P. Spain,35.2%,117273,21,florida,
237,N M. Trout,2.1%,7148,21,florida,
238,D Winner T. Deutch (i),58.9%,197396,22,florida,
239,R A. McGee,41.1%,137691,22,florida,
240,D Winner D. Wasserman Schultz (i),56.7%,180979,23,florida,
241,R J. Kaufman,40.5%,129400,23,florida,
242,N D. Endriss,1.6%,5100,23,florida,
243,N L. Milstein,1.2%,3835,23,florida,
244,D Winner F. Wilson (i),Uncontested,NA,24,florida,
245,R Winner M. Diaz-Balart (i),62.4%,157748,25,florida,
246,D A. Valdes,37.6%,95008,25,florida,
247,R Winner C. Curbelo (i),53.0%,148445,26,florida,
248,D J. Garcia,41.2%,115348,26,florida,
249,N J. Peixoto,5.9%,16491,26,florida,
250,R Winner I. Ros-Lehtinen (i),54.9%,157763,27,florida,
251,D S. Fuhrman,45.1%,129548,27,florida,
252,R Winner B. Carter (i),Uncontested,NA,1,georgia,
253,D Winner S. Bishop (i),61.0%,146284,2,georgia,
254,R G. Duke,39.0%,93392,2,georgia,
255,R Winner D. Ferguson,68.4%,206930,3,georgia,
256,D A. Pendley,31.6%,95736,3,georgia,
257,D Winner H. Johnson (i),75.6%,214278,4,georgia,
258,R V. Armendariz,24.4%,69075,4,georgia,
259,D Winner J. Lewis (i),84.6%,241773,5,georgia,
260,R D. Bell,15.4%,44032,5,georgia,
261,R Winner T. Price (i),61.6%,191792,6,georgia,
262,D R. Stooksbury,38.4%,119536,6,georgia,
263,R Winner R. Woodall (i),60.5%,173638,7,georgia,
264,D R. Malik,39.5%,113593,7,georgia,
265,R Winner A. Scott (i),67.7%,171529,8,georgia,
266,D J. Harris,32.3%,81903,8,georgia,
267,R Winner D. Collins (i),Uncontested,NA,9,georgia,
268,R Winner J. Hice (i),Uncontested,NA,10,georgia,
269,R Winner B. Loudermilk (i),67.5%,216772,11,georgia,
270,D D. Wilson,32.5%,104401,11,georgia,
271,R Winner R. Allen (i),61.6%,158705,12,georgia,
272,D T. McCracken,38.4%,98870,12,georgia,
273,D Winner D. Scott (i),Uncontested,NA,13,georgia,
274,R Winner T. Graves (i),Uncontested,NA,14,georgia,
275,D Winner C. Hanabusa,71.9%,135069,1,hawaii,
276,R S. Ostrov,22.7%,42569,1,hawaii,
277,L A. Yim,3.3%,6127,1,hawaii,
278,O C. Griffin,2.2%,4040,1,hawaii,
279,D Winner T. Gabbard (i),81.1%,163484,2,hawaii,
280,R A. Kaaihue,18.9%,38098,2,hawaii,
281,R Winner R. Labrador (i),68.0%,236397,1,idaho,
282,D J. Piotrowski,32.0%,111035,1,idaho,
283,R Winner M. Simpson (i),63.0%,208887,2,idaho,
284,D J. Martinez,29.3%,97250,2,idaho,
285,C A. Tomkins,7.7%,25575,2,idaho,
286,D Winner B. Rush (i),73.4%,221551,1,illinois,
287,R A. Deuser,26.6%,80161,1,illinois,
288,D Winner R. Kelly (i),79.6%,229184,2,illinois,
289,R J. Morrow,20.4%,58788,2,illinois,
290,D Winner D. Lipinski (i),Uncontested,NA,3,illinois,
291,D Winner L. Gutierrez (i),Uncontested,NA,4,illinois,
292,D Winner M. Quigley (i),67.6%,201983,5,illinois,
293,R V. Kolber,27.8%,82931,5,illinois,
294,G R. Sherman,4.6%,13867,5,illinois,
295,R Winner P. Roskam (i),59.5%,205746,6,illinois,
296,D A. Howland,40.5%,140023,6,illinois,
297,D Winner D. Davis (i),84.0%,232322,7,illinois,
298,R J. Leef,16.0%,44242,7,illinois,
299,D Winner R. Krishnamoorthi,58.1%,141138,8,illinois,
300,R P. DiCianni,41.9%,101893,8,illinois,
301,D Winner J. Schakowsky (i),65.8%,203834,9,illinois,
302,R J. McCarthy Lasonde,34.2%,105920,9,illinois,
303,D Winner B. Schneider,52.5%,147299,10,illinois,
304,R R. Dold (i),47.5%,133383,10,illinois,
305,D Winner B. Foster (i),59.9%,157659,11,illinois,
306,R T. Khouri,40.1%,105762,11,illinois,
307,R Winner M. Bost (i),54.3%,169233,12,illinois,
308,D C. Baricevic,39.7%,123754,12,illinois,
309,G P. Bradshaw,6.0%,18713,12,illinois,
310,R Winner R. Davis (i),59.7%,186791,13,illinois,
311,D M. Wicklund,40.3%,125932,13,illinois,
312,R Winner R. Hultgren (i),59.6%,197962,14,illinois,
313,D J. Walz,40.4%,134362,14,illinois,
314,R Winner J. Shimkus (i),Uncontested,NA,15,illinois,
315,R Winner A. Kinzinger (i),Uncontested,NA,16,illinois,
316,D Winner C. Bustos (i),60.1%,170746,17,illinois,
317,R P. Harlan,39.9%,113141,17,illinois,
318,R Winner D. LaHood (i),72.2%,248701,18,illinois,
319,D J. Rodriguez,27.8%,95741,18,illinois,
320,D Winner P. Visclosky (i),81.5%,207299,1,indiana,
321,L D. Dunn,18.5%,47009,1,indiana,
322,R Winner J. Walorski (i),59.3%,164276,2,indiana,
323,D L. Coleman,36.9%,102332,2,indiana,
324,L R. Cenkush,3.8%,10594,2,indiana,
325,R Winner J. Banks,70.1%,201216,3,indiana,
326,D T. Schrader,23.0%,65908,3,indiana,
327,L P. Snyder,6.9%,19782,3,indiana,
328,R Winner T. Rokita (i),64.6%,193272,4,indiana,
329,D J. Dale,30.5%,91153,4,indiana,
330,L S. Mayoras,4.9%,14758,4,indiana,
331,R Winner S. Brooks (i),61.5%,221785,5,indiana,
332,D A. Demaree,34.3%,123791,5,indiana,
333,L M. Wittlief,4.2%,15324,5,indiana,
334,R Winner L. Messer (i),69.1%,204844,6,indiana,
335,D B. Welsh,26.7%,79075,6,indiana,
336,L R. Turvey,4.2%,12325,6,indiana,
337,D Winner A. Carson (i),60.0%,158606,7,indiana,
338,R C. Ping,35.7%,94396,7,indiana,
339,L D. Thompson,4.3%,11470,7,indiana,
340,R Winner L. Bucshon (i),63.7%,187569,8,indiana,
341,D R. Drake,31.6%,93130,8,indiana,
342,L A. Horning,4.6%,13630,8,indiana,
343,R Winner T. Hollingsworth,54.1%,174698,9,indiana,
344,D S. Yoder,40.5%,130539,9,indiana,
345,L R. Brooksbank,5.4%,17417,9,indiana,
346,R Winner R. Blum (i),53.9%,206273,1,iowa,
347,D M. Vernon,46.1%,176447,1,iowa,
348,D Winner D. Loebsack (i),53.7%,197802,2,iowa,
349,R C. Peters,46.3%,170529,2,iowa,
350,R Winner D. Young (i),53.5%,208264,3,iowa,
351,D J. Mowrer,39.8%,154780,3,iowa,
352,L B. Holder,3.9%,15337,3,iowa,
353,P C. Addy,1.6%,6335,3,iowa,
354,P J. Grandanette,1.2%,4511,3,iowa,
355,R Winner S. King (i),61.4%,225842,4,iowa,
356,D K. Weaver,38.6%,142018,4,iowa,
357,R Winner R. Marshall,66.2%,166051,1,kansas,
358,I A. LaPolice,26.4%,66218,1,kansas,
359,L K. Burt,7.3%,18415,1,kansas,
360,R Winner L. Jenkins (i),61.1%,177851,2,kansas,
361,D B. Potter,32.5%,94561,2,kansas,
362,L J. Bales,6.4%,18700,2,kansas,
363,R Winner K. Yoder (i),51.3%,171647,3,kansas,
364,D J. Sidie,40.6%,135778,3,kansas,
365,L S. Hohe,8.0%,26897,3,kansas,
366,R Winner M. Pompeo (i),61.0%,163406,4,kansas,
367,D D. Giroux,29.4%,78822,4,kansas,
368,I M. Allen,6.8%,18358,4,kansas,
369,L G. Bakken,2.8%,7420,4,kansas,
370,R Winner J. Comer,72.6%,216957,1,kentucky,
371,D S. Gaskins,27.4%,81710,1,kentucky,
372,R Winner B. Guthrie (i),Uncontested,NA,2,kentucky,
373,D Winner J. Yarmuth (i),63.5%,212388,3,kentucky,
374,R H. Bratcher,36.5%,122085,3,kentucky,
375,O E. Corley,0.0%,0,3,kentucky,
376,R Winner T. Massie (i),71.3%,233922,4,kentucky,
377,D C. Sidle,28.7%,94064,4,kentucky,
378,R Winner H. Rogers (i),Uncontested,NA,5,kentucky,
379,R Winner A. Barr (i),61.1%,202094,6,kentucky,
380,D N. Kemper,38.9%,128725,6,kentucky,
381,R Winner S. Scalise (i),74.6%,243575,1,louisiana,
382,D L. Dugas,12.8%,41816,1,louisiana,
383,D D. Faust,3.9%,12698,1,louisiana,
384,L H. Kearney,2.9%,9395,1,louisiana,
385,D J. Swider,2.8%,9231,1,louisiana,
386,G E. Barron,2.1%,6712,1,louisiana,
387,N C. Yang,1.0%,3233,1,louisiana,
388,D Winner C. Richmond (i),69.8%,198169,2,louisiana,
389,D K. Holden,20.1%,57083,2,louisiana,
390,D K. Cutno,10.1%,28826,2,louisiana,
391,R Winner* S. Angelle,28.5%,91374,3,louisiana,
392,R Winner* C. Higgins,26.5%,84809,3,louisiana,
393,D J. Hebert,8.9%,28358,3,louisiana,
394,D L. Rader,8.7%,27807,3,louisiana,
395,R G. Rantz,8.0%,25640,3,louisiana,
396,R G. Ellison,7.8%,24845,3,louisiana,
397,R B. Geymann,6.8%,21606,3,louisiana,
398,R B. Barrilleaux,1.9%,6215,3,louisiana,
399,L G. McLendon,0.9%,2934,3,louisiana,
400,R G. Rees,0.8%,2455,3,louisiana,
401,N K. Scelfo,0.8%,2667,3,louisiana,
402,R H. Vidrine,0.4%,1354,3,louisiana,
403,D Winner* M. Jones,28.2%,80558,4,louisiana,
404,R Winner* M. Johnson,24.7%,70556,4,louisiana,
405,R T. Baucum,17.6%,50395,4,louisiana,
406,R O. Jenkins,15.6%,44500,4,louisiana,
407,R E. Guillory,7.3%,21011,4,louisiana,
408,R R. John,4.6%,13215,4,louisiana,
409,N M. Halverson,1.1%,3145,4,louisiana,
410,N K. Krefft,0.9%,2492,4,louisiana,
411,R Winner R. Abraham (i),81.6%,208504,5,louisiana,
412,R B. Burkette,18.4%,47106,5,louisiana,
413,R Winner G. Graves (i),62.7%,207453,6,louisiana,
414,D R. Lieberman,14.9%,49352,6,louisiana,
415,R B. Bell,10.1%,33585,6,louisiana,
416,D J. Sampson,9.0%,29809,6,louisiana,
417,L R. Fontanesi,2.3%,7598,6,louisiana,
418,O D. Graham,1.0%,3215,6,louisiana,
419,D Winner C. Pingree (i),57.9%,225428,1,maine,
420,R M. Holbrook,42.1%,164048,1,maine,
421,R Winner B. Poliquin (i),54.9%,192285,2,maine,
422,D E. Cain,45.1%,157862,2,maine,
423,R Winner A. Harris (i),67.8%,229135,1,maryland,
424,D J. Werner,28.0%,94776,1,maryland,
425,L M. Beers,4.2%,14207,1,maryland,
426,D Winner D. Ruppersberger (i),62.2%,172324,2,maryland,
427,R P. McDonough,33.3%,92099,2,maryland,
428,L K. Kasprzak,4.5%,12530,2,maryland,
429,D Winner J. Sarbanes (i),62.8%,194362,3,maryland,
430,R M. Plaster,34.5%,106627,3,maryland,
431,G N. Eze,2.7%,8430,3,maryland,
432,D Winner A. Brown,74.1%,218215,4,maryland,
433,R G. McDermott,21.6%,63674,4,maryland,
434,G K. Clark,2.5%,7357,4,maryland,
435,L B. Krause,1.8%,5274,4,maryland,
436,D Winner S. Hoyer (i),67.3%,223582,5,maryland,
437,R M. Arness,29.7%,98768,5,maryland,
438,L J. Summers,3.0%,10033,5,maryland,
439,D Winner J. Delaney (i),55.4%,167229,6,maryland,
440,R A. Hoeber,40.9%,123611,6,maryland,
441,L D. Howser,2.1%,6216,6,maryland,
442,G G. Gluck,1.7%,4997,6,maryland,
443,D Winner E. Cummings (i),75.1%,211962,7,maryland,
444,R C. Vaughn,21.9%,61854,7,maryland,
445,G M. Hoenig,3.0%,8428,7,maryland,
446,D Winner J. Raskin,59.3%,191671,8,maryland,
447,R D. Cox,35.6%,115200,8,maryland,
448,G N. Wallace,3.0%,9761,8,maryland,
449,L J. Wunder,2.0%,6540,8,maryland,
450,D Winner R. Neal (i),73.4%,233310,1,massachusetts,
451,I F. Mayock,18.0%,57226,1,massachusetts,
452,L T. Simmons,8.6%,27427,1,massachusetts,
453,D Winner J. McGovern (i),Uncontested,NA,2,massachusetts,
454,D Winner N. Tsongas (i),68.7%,234361,3,massachusetts,
455,R A. Wofford,31.3%,106882,3,massachusetts,
456,D Winner J. Kennedy (i),70.0%,261356,4,massachusetts,
457,R D. Rosa,30.0%,111890,4,massachusetts,
458,D Winner K. Clark (i),Uncontested,NA,5,massachusetts,
459,D Winner S. Moulton (i),Uncontested,NA,6,massachusetts,
460,D Winner M. Capuano (i),Uncontested,NA,7,massachusetts,
461,D Winner S. Lynch (i),72.4%,267944,8,massachusetts,
462,R W. Burke,27.6%,102146,8,massachusetts,
463,D Winner B. Keating (i),55.7%,209911,9,massachusetts,
464,R M. Alliegro,33.8%,127199,9,massachusetts,
465,I P. Harrington,6.9%,26086,9,massachusetts,
466,U C. Cataldo,2.2%,8266,9,massachusetts,
467,U A. Raduc,1.4%,5261,9,massachusetts,
468,R Winner J. Bergman,55.3%,201153,1,michigan,
469,D L. Johnson,39.7%,144319,1,michigan,
470,L D. Bostow,3.7%,13385,1,michigan,
471,G E. Boal,1.3%,4773,1,michigan,
472,R Winner B. Huizenga (i),62.7%,213095,2,michigan,
473,D D. Murphy,32.4%,110077,2,michigan,
474,L E. Haas,2.4%,8166,2,michigan,
475,G M. Brady,1.6%,5362,2,michigan,
476,U R. Graeser,0.9%,2898,2,michigan,
477,R Winner J. Amash (i),59.4%,203069,3,michigan,
478,D D. Smith,37.5%,128159,3,michigan,
479,U T. Gerrard,3.0%,10374,3,michigan,
480,R Winner J. Moolenaar (i),61.6%,194569,4,michigan,
481,D D. Wirth,32.1%,101275,4,michigan,
482,L L. Schwartz,2.7%,8514,4,michigan,
483,U G. Zimmer,1.8%,5595,4,michigan,
484,G J. Salvi,1.3%,3953,4,michigan,
485,N K. Butkovich,0.6%,1838,4,michigan,
486,D Winner D. Kildee (i),61.2%,195076,5,michigan,
487,R A. Hardwick,35.1%,111908,5,michigan,
488,L S. Sluka,2.2%,6999,5,michigan,
489,G H. Mikkelson,1.5%,4894,5,michigan,
490,R Winner F. Upton (i),58.6%,192862,6,michigan,
491,D P. Clements,36.4%,119871,6,michigan,
492,L L. Wenke,4.9%,16239,6,michigan,
493,R Winner T. Walberg (i),55.0%,183549,7,michigan,
494,D G. Driskell,40.1%,133697,7,michigan,
495,L K. Proctor,4.9%,16402,7,michigan,
496,R Winner M. Bishop (i),56.0%,205617,8,michigan,
497,D S. Shkreli,39.2%,143775,8,michigan,
498,L J. Wood,2.6%,9615,8,michigan,
499,G M. Green,1.5%,5677,8,michigan,
500,N J. Burgess,0.6%,2250,8,michigan,
501,D Winner S. Levin (i),57.9%,199620,9,michigan,
502,R C. Morse,37.4%,128907,9,michigan,
503,L M. Orlando,2.8%,9562,9,michigan,
504,G J. McDermott,1.9%,6612,9,michigan,
505,R Winner P. Mitchell,63.0%,214164,10,michigan,
506,D F. Accavitti,32.3%,109875,10,michigan,
507,L L. Gioia,3.1%,10582,10,michigan,
508,G B. Nofs,1.5%,5113,10,michigan,
509,R Winner D. Trott (i),52.9%,200787,11,michigan,
510,D A. Kumar,40.2%,152359,11,michigan,
511,I K. Bentivolio,4.4%,16597,11,michigan,
512,L J. Osment,2.5%,9535,11,michigan,
513,D Winner D. Dingell (i),64.4%,210922,12,michigan,
514,R J. Jones,29.2%,95823,12,michigan,
515,O G. Walkowicz,2.8%,9177,12,michigan,
516,L T. Bagwell,2.3%,7478,12,michigan,
517,G D. Calewarts,1.3%,4370,12,michigan,
518,D Winner J. Conyers (i),77.0%,197173,13,michigan,
519,R J. Gorman,15.8%,40483,13,michigan,
520,L T. Hayden,3.7%,9600,13,michigan,
521,O S. Johnson,3.4%,8778,13,michigan,
522,D Winner B. Lawrence (i),78.5%,244220,14,michigan,
523,R H. Klausner,18.7%,58111,14,michigan,
524,L G. Creswell,1.6%,4898,14,michigan,
525,G M. Squier,1.2%,3851,14,michigan,
526,D Winner T. Walz (i),50.4%,169076,1,minnesota,
527,R J. Hagedorn,49.6%,166527,1,minnesota,
528,R Winner J. Lewis,47.0%,174030,2,minnesota,
529,D A. Craig,45.2%,167071,2,minnesota,
530,I P. Overby,7.8%,28845,2,minnesota,
531,R Winner E. Paulsen (i),56.9%,223075,3,minnesota,
532,D T. Bonoff,43.1%,169238,3,minnesota,
533,D Winner B. McCollum (i),57.8%,202558,4,minnesota,
534,R G. Ryan,34.5%,120871,4,minnesota,
535,O S. Pendergast Sindt,7.7%,27109,4,minnesota,
536,D Winner K. Ellison (i),69.2%,249957,5,minnesota,
537,R F. Drake,22.3%,80660,5,minnesota,
538,O D. Schuller,8.5%,30759,5,minnesota,
539,R Winner T. Emmer (i),65.7%,235384,6,minnesota,
540,D D. Snyder,34.3%,123012,6,minnesota,
541,D Winner C. Peterson (i),52.5%,173571,7,minnesota,
542,R D. Hughes,47.5%,156950,7,minnesota,
543,D Winner R. Nolan (i),50.3%,179106,8,minnesota,
544,R S. Mills,49.7%,177095,8,minnesota,
545,R Winner T. Kelly (i),68.8%,203142,1,mississippi,
546,D J. Owens,27.8%,82133,1,mississippi,
547,L C. Wilson,2.1%,6070,1,mississippi,
548,R C. Toole,1.3%,3742,1,mississippi,
549,D Winner B. Thompson (i),66.8%,181108,2,mississippi,
550,R J. Bouie,29.4%,79773,2,mississippi,
551,I T. Ray,2.4%,6622,2,mississippi,
552,R J. McLeod,1.3%,3623,2,mississippi,
553,R Winner G. Harper (i),66.3%,201280,3,mississippi,
554,D D. Quinn,30.3%,91992,3,mississippi,
555,O R. Gerrard,2.8%,8434,3,mississippi,
556,R L. Sheets,0.7%,2020,3,mississippi,
557,R Winner S. Palazzo (i),65.2%,174783,4,mississippi,
558,D M. Gladney,27.7%,74176,4,mississippi,
559,L R. McCluskey,5.3%,14212,4,mississippi,
560,R S. O'Hara,1.9%,5063,4,mississippi,
561,D Winner L. Clay (i),75.5%,231604,1,missouri,
562,R S. Bailey,20.0%,61252,1,missouri,
563,L R. Cunningham,4.5%,13954,1,missouri,
564,R Winner A. Wagner (i),58.6%,238826,2,missouri,
565,D B. Otto,37.6%,153331,2,missouri,
566,L J. Higgins,2.9%,11621,2,missouri,
567,G D. Arnold,0.9%,3839,2,missouri,
568,R Winner B. Luetkemeyer (i),67.8%,248880,3,missouri,
569,D K. Miller,27.9%,102484,3,missouri,
570,L D. Hogan,3.2%,11906,3,missouri,
571,C D. Simmons,1.0%,3586,3,missouri,
572,R Winner V. Hartzler (i),67.8%,225034,4,missouri,
573,D G. Christensen,27.8%,92385,4,missouri,
574,L M. Bliss,4.3%,14355,4,missouri,
575,D Winner E. Cleaver (i),58.4%,185494,5,missouri,
576,R J. Turk,38.5%,122367,5,missouri,
577,L R. Welborn,3.0%,9594,5,missouri,
578,R Winner S. Graves (i),68.1%,236938,6,missouri,
579,D D. Blackwell,28.3%,98588,6,missouri,
580,L R. Monchil,2.3%,8051,6,missouri,
581,G M. Diel,1.2%,4202,6,missouri,
582,R Winner B. Long (i),67.6%,228001,7,missouri,
583,D G. Williams,27.4%,92390,7,missouri,
584,L B. Brixey,5.1%,17076,7,missouri,
585,R Winner J. Smith (i),74.4%,229648,8,missouri,
586,D D. Cowell,22.7%,69949,8,missouri,
587,L J. Shell,2.9%,9059,8,missouri,
588,R Winner R. Zinke (i),56.3%,280472,1,montana,
589,D D. Juneau,40.5%,201758,1,montana,
590,L R. Breckenridge,3.2%,15949,1,montana,
591,R Winner J. Fortenberry (i),69.6%,187258,1,nebraska,
592,D D. Wik,30.4%,81939,1,nebraska,
593,R Winner D. Bacon,49.4%,134291,2,nebraska,
594,D B. Ashford (i),47.3%,128739,2,nebraska,
595,L S. Laird,3.3%,9057,2,nebraska,
596,R Winner A. Smith (i),Uncontested,NA,3,nebraska,
597,D Winner D. Titus (i),61.8%,116045,1,nevada,
598,R M. Perry,28.8%,54053,1,nevada,
599,N R. D'Silva,7.4%,13806,1,nevada,
600,I K. Bakari,2.0%,3722,1,nevada,
601,R Winner M. Amodei (i),58.3%,182452,2,nevada,
602,D C. Evans,36.9%,115395,2,nevada,
603,I J. Everhart,2.8%,8660,2,nevada,
604,N D. Knight,2.0%,6204,2,nevada,
605,D Winner J. Rosen,47.2%,146653,3,nevada,
606,R D. Tarkanian,46.0%,142726,3,nevada,
607,I W. Markowitz,3.7%,11580,3,nevada,
608,N D. Goossen,3.1%,9551,3,nevada,
609,D Winner R. Kihuen,48.5%,128680,4,nevada,
610,R C. Hardy (i),44.5%,118220,4,nevada,
611,L S. Brown,3.8%,10184,4,nevada,
612,I M. Little,3.1%,8307,4,nevada,
613,D Winner C. Shea-Porter,44.2%,161828,1,new-hampshire,
614,R F. Guinta (i),42.9%,157011,1,new-hampshire,
615,I S. O'Connor,9.4%,34612,1,new-hampshire,
616,L R. Lombardo,1.9%,6842,1,new-hampshire,
617,I B. Kelly,1.7%,6046,1,new-hampshire,
618,D Winner A. Kuster (i),49.8%,174386,2,new-hampshire,
619,R J. Lawrence,45.4%,158960,2,new-hampshire,
620,I J. Babiarz,4.8%,16843,2,new-hampshire,
621,D Winner D. Norcross (i),59.8%,178655,1,new-jersey,
622,R B. Patterson,36.9%,110235,1,new-jersey,
623,I S. Tomaszewski,1.8%,5365,1,new-jersey,
624,L W. Sihr,0.8%,2352,1,new-jersey,
625,I M. Berman,0.6%,1916,1,new-jersey,
626,R Winner F. LoBiondo (i),59.4%,167816,2,new-jersey,
627,D D. Cole,37.1%,104726,2,new-jersey,
628,L J. Ordille,1.3%,3562,2,new-jersey,
629,I J. Keenan,0.9%,2490,2,new-jersey,
630,I E. Beechwood,0.5%,1322,2,new-jersey,
631,I S. Fenichel,0.5%,1460,2,new-jersey,
632,I G. Franco,0.4%,1159,2,new-jersey,
633,R Winner T. MacArthur (i),59.5%,177522,3,new-jersey,
634,D F. LaVergne,38.6%,115212,3,new-jersey,
635,C L. Berlinski,1.9%,5541,3,new-jersey,
636,R Winner C. Smith (i),63.7%,206137,4,new-jersey,
637,D L. Phillipson,33.5%,108373,4,new-jersey,
638,I H. Schroeder,1.8%,5684,4,new-jersey,
639,L J. Marcus,1.0%,3168,4,new-jersey,
640,D Winner J. Gottheimer,50.5%,156863,5,new-jersey,
641,R S. Garrett (i),47.2%,146643,5,new-jersey,
642,L C. Belusic,2.2%,6890,5,new-jersey,
643,D Winner F. Pallone (i),63.0%,150971,6,new-jersey,
644,R B. Sonnek-Schmelz,35.7%,85613,6,new-jersey,
645,G R. Malliah,0.7%,1695,6,new-jersey,
646,L J. Shamy,0.6%,1536,6,new-jersey,
647,R Winner L. Lance (i),54.2%,184309,7,new-jersey,
648,D P. Jacob,43.0%,146350,7,new-jersey,
649,L D. O'Neill,1.5%,5252,7,new-jersey,
650,I A. Haussmann,1.2%,4208,7,new-jersey,
651,D Winner A. Sires (i),76.9%,124381,8,new-jersey,
652,R A. Khan,18.6%,30085,8,new-jersey,
653,I P. Olivera,2.5%,4102,8,new-jersey,
654,L D. Delaney,1.9%,3114,8,new-jersey,
655,D Winner B. Pascrell (i),69.6%,151823,9,new-jersey,
656,R H. Castillo,28.1%,61384,9,new-jersey,
657,L D. Rivera,1.4%,3082,9,new-jersey,
658,I J. Boss,0.8%,1819,9,new-jersey,
659,D Winner D. Payne Jr. (i),85.6%,181591,10,new-jersey,
660,R D. Pinckney,12.0%,25452,10,new-jersey,
661,I J. Miller,1.6%,3448,10,new-jersey,
662,I A. Fraser,0.8%,1636,10,new-jersey,
663,R Winner R. Frelinghuysen (i),58.2%,192538,11,new-jersey,
664,D J. Wenzel,38.7%,128232,11,new-jersey,
665,I T. Depasquale,2.1%,6914,11,new-jersey,
666,L J. Hetrick,1.0%,3420,11,new-jersey,
667,D Winner B. Watson Coleman (i),62.6%,162383,12,new-jersey,
668,R S. Uccio,32.3%,83633,12,new-jersey,
669,I E. Forchion,2.1%,5437,12,new-jersey,
670,I R. Shapiro,1.0%,2501,12,new-jersey,
671,L T. Fitzpatrick,0.9%,2215,12,new-jersey,
672,G S. Welzer,0.7%,1873,12,new-jersey,
673,I M. Bollentin,0.4%,1154,12,new-jersey,
674,D Winner M. Lujan Grisham (i),65.1%,179380,1,new-mexico,
675,R R. Priem,34.9%,96061,1,new-mexico,
676,R Winner S. Pearce (i),62.8%,142499,2,new-mexico,
677,D M. Soules,37.2%,84514,2,new-mexico,
678,D Winner B. Lujan (i),62.5%,167848,3,new-mexico,
679,R M. Romero,37.5%,100529,3,new-mexico,
680,R Winner L. Zeldin (i),59.0%,174682,1,new-york,
681,D A. Throne-Holst,41.0%,121640,1,new-york,
682,R Winner P. King (i),62.4%,171915,2,new-york,
683,D D. Gregory,37.6%,103643,2,new-york,
684,D Winner T. Suozzi,52.4%,156315,3,new-york,
685,R J. Martins,47.6%,142023,3,new-york,
686,D Winner K. Rice (i),59.4%,173796,4,new-york,
687,R D. Gurfein,40.6%,118821,4,new-york,
688,D Winner G. Meeks (i),85.5%,184179,5,new-york,
689,R M. O'Reilly,13.0%,28030,5,new-york,
690,G F. Francois,1.5%,3269,5,new-york,
691,D Winner G. Meng (i),71.9%,126018,6,new-york,
692,R D. Maio,27.0%,47278,6,new-york,
693,O H. Bhatti,1.1%,1979,6,new-york,
694,D Winner N. Velazquez (i),90.7%,158972,7,new-york,
695,R A. Romaguera,9.3%,16255,7,new-york,
696,D Winner H. Jeffries (i),93.2%,199747,8,new-york,
697,C D. Cavanagh,6.8%,14468,8,new-york,
698,D Winner Y. Clarke (i),92.3%,200266,9,new-york,
699,C A. Bellone,7.7%,16617,9,new-york,
700,D Winner J. Nadler (i),77.5%,170286,10,new-york,
701,R P. Rosenthal,22.5%,49530,10,new-york,
702,R Winner D. Donovan (i),62.2%,134366,11,new-york,
703,D R. Reichard,36.1%,78066,11,new-york,
704,G H. Bardel,1.7%,3607,11,new-york,
705,D Winner C. Maloney (i),83.0%,219165,12,new-york,
706,R R. Ardini,17.0%,44981,12,new-york,
707,D Winner A. Espaillat,88.8%,187382,13,new-york,
708,R T. Evans,6.9%,14501,13,new-york,
709,G D. Vila Rivera,3.5%,7448,13,new-york,
710,O S. Fenstermaker,0.8%,1714,13,new-york,
711,D Winner J. Crowley (i),82.6%,134603,14,new-york,
712,R F. Spotorno,17.4%,28332,14,new-york,
713,D Winner J. Serrano (i),95.2%,150058,15,new-york,
714,R A. Vega,3.6%,5606,15,new-york,
715,C E. Ramirez,1.2%,1899,15,new-york,
716,D Winner E. Engel (i),94.7%,192671,16,new-york,
717,O D. Lawrence,5.3%,10840,16,new-york,
718,D Winner N. Lowey (i),Uncontested,NA,17,new-york,
719,D Winner S. Maloney (i),55.2%,149056,18,new-york,
720,R P. Oliva,44.8%,120967,18,new-york,
721,R Winner J. Faso,54.7%,153143,19,new-york,
722,D Z. Teachout,45.3%,126641,19,new-york,
723,D Winner P. Tonko (i),67.6%,195005,20,new-york,
724,R J. Vitollo,32.4%,93407,20,new-york,
725,R Winner E. Stefanik (i),66.1%,164212,21,new-york,
726,D M. Derrick,29.3%,72637,21,new-york,
727,G M. Funiciello,4.6%,11394,21,new-york,
728,R Winner C. Tenney,47.0%,120777,22,new-york,
729,D K. Myers,40.4%,103955,22,new-york,
730,R M. Babinec,12.6%,32303,22,new-york,
731,R Winner T. Reed (i),58.1%,149779,23,new-york,
732,D J. Plumb,41.9%,107822,23,new-york,
733,R Winner J. Katko (i),61.0%,170532,24,new-york,
734,D C. Deacon,39.0%,108928,24,new-york,
735,D Winner L. Slaughter (i),55.8%,169199,25,new-york,
736,R M. Assini,44.2%,134285,25,new-york,
737,D Winner B. Higgins (i),74.4%,193518,26,new-york,
738,R S. Schratz,25.6%,66688,26,new-york,
739,R Winner C. Collins (i),67.7%,207510,27,new-york,
740,D D. Kastenbaum,32.3%,99222,27,new-york,
741,D Winner G. Butterfield (i),68.6%,237938,1,north-carolina,
742,R H. Dew,29.0%,100633,1,north-carolina,
743,L J. Summerell,2.4%,8259,1,north-carolina,
744,R Winner G. Holding (i),56.7%,219342,2,north-carolina,
745,D J. McNeil,43.3%,167299,2,north-carolina,
746,R Winner W. Jones (i),67.4%,214850,3,north-carolina,
747,D E. Reeves,32.6%,104007,3,north-carolina,
748,D Winner D. Price (i),68.2%,275501,4,north-carolina,
749,R S. Googe,31.8%,128331,4,north-carolina,
750,R Winner V. Foxx (i),58.5%,204943,5,north-carolina,
751,D J. Brannon,41.5%,145597,5,north-carolina,
752,R Winner M. Walker (i),59.3%,205973,6,north-carolina,
753,D P. Glidewell,40.7%,141480,6,north-carolina,
754,R Winner D. Rouzer (i),61.0%,209933,7,north-carolina,
755,D J. Casteen,39.0%,134344,7,north-carolina,
756,R Winner R. Hudson (i),58.8%,187909,8,north-carolina,
757,D T. Mills,41.2%,131428,8,north-carolina,
758,R Winner R. Pittenger (i),58.3%,191660,9,north-carolina,
759,D C. Cano,41.7%,137335,9,north-carolina,
760,R Winner P. McHenry (i),63.2%,219589,10,north-carolina,
761,D A. Millard,36.8%,128114,10,north-carolina,
762,R Winner M. Meadows (i),64.2%,229130,11,north-carolina,
763,D R. Bryson,35.8%,127972,11,north-carolina,
764,D Winner A. Adams (i),67.0%,232451,12,north-carolina,
765,R L. Threatt,33.0%,114242,12,north-carolina,
766,R Winner T. Budd,56.1%,196736,13,north-carolina,
767,D B. Davis,43.9%,153691,13,north-carolina,
768,R Winner K. Cramer (i),69.2%,233245,1,north-dakota,
769,D C. Iron Eyes,23.8%,80186,1,north-dakota,
770,L J. Seaman,7.0%,23454,1,north-dakota,
771,R Winner S. Chabot (i),59.6%,205283,1,ohio,
772,D M. Young,40.4%,139279,1,ohio,
773,R Winner B. Wenstrup (i),66.6%,215265,2,ohio,
774,D W. Smith,33.4%,107859,2,ohio,
775,D Winner J. Beatty (i),68.3%,189536,3,ohio,
776,R J. Adams,31.7%,88040,3,ohio,
777,R Winner J. Jordan (i),68.1%,205669,4,ohio,
778,D J. Garrett,31.9%,96334,4,ohio,
779,R Winner B. Latta (i),71.0%,240036,5,ohio,
780,D J. Neu,29.0%,98045,5,ohio,
781,R Winner B. Johnson (i),70.6%,209177,6,ohio,
782,D M. Lorentz,29.4%,86938,6,ohio,
783,R Winner B. Gibbs (i),64.1%,194146,7,ohio,
784,D R. Rich,28.9%,87602,7,ohio,
785,I D. Phillip,7.0%,21062,7,ohio,
786,R Winner W. Davidson (i),69.0%,219453,8,ohio,
787,D S. Fought,26.8%,85313,8,ohio,
788,G D. Hendricks,4.2%,13371,8,ohio,
789,D Winner M. Kaptur (i),68.5%,187926,9,ohio,
790,R D. Larson,31.5%,86311,9,ohio,
791,R Winner M. Turner (i),64.4%,210256,10,ohio,
792,D R. Klepinger,32.4%,105947,10,ohio,
793,I T. McMasters,3.2%,10463,10,ohio,
794,D Winner M. Fudge (i),80.1%,233285,11,ohio,
795,R B. Goldstein,19.9%,58066,11,ohio,
796,R Winner P. Tiberi (i),66.6%,243970,12,ohio,
797,D E. Albertson,29.9%,109455,12,ohio,
798,G J. Manchik,3.5%,12848,12,ohio,
799,D Winner T. Ryan (i),67.6%,203430,13,ohio,
800,R R. Morckel,32.4%,97312,13,ohio,
801,R Winner D. Joyce (i),62.7%,214618,14,ohio,
802,D M. Wager,37.3%,127547,14,ohio,
803,R Winner S. Stivers (i),66.2%,216186,15,ohio,
804,D S. Wharton,33.8%,110272,15,ohio,
805,R Winner J. Renacci (i),65.4%,221495,16,ohio,
806,D K. Mundy,34.6%,117296,16,ohio,
807,R Winner J. Bridenstine (i),Uncontested,NA,1,oklahoma,
808,R Winner M. Mullin (i),70.6%,189612,2,oklahoma,
809,D J. Harris-Till,23.2%,62307,2,oklahoma,
810,I J. McCarthy,6.2%,16618,2,oklahoma,
811,R Winner F. Lucas (i),78.3%,227276,3,oklahoma,
812,D F. Robbins,21.7%,63008,3,oklahoma,
813,R Winner T. Cole (i),69.6%,203942,4,oklahoma,
814,D C. Owen,26.1%,76380,4,oklahoma,
815,L S. White,4.3%,12548,4,oklahoma,
816,R Winner S. Russell (i),57.1%,160012,5,oklahoma,
817,D A. McAffrey,36.8%,103122,5,oklahoma,
818,L Z. Knight,6.1%,17084,5,oklahoma,
819,D Winner S. Bonamici (i),59.6%,207190,1,oregon,
820,R B. Heinrich,37.3%,129495,1,oregon,
821,L K. Sheahan,3.1%,10894,1,oregon,
822,R Winner G. Walden (i),72.1%,267179,2,oregon,
823,D J. Crary,27.9%,103383,2,oregon,
824,D Winner E. Blumenauer (i),72.6%,256159,3,oregon,
825,O D. Walker,20.3%,71758,3,oregon,
826,P D. Delk,7.1%,25059,3,oregon,
827,D Winner P. DeFazio (i),55.5%,216442,4,oregon,
828,R A. Robinson,39.8%,155271,4,oregon,
829,P M. Beilstein,3.0%,11807,4,oregon,
830,L G. Guthrie,1.6%,6349,4,oregon,
831,D Winner K. Schrader (i),53.6%,178405,5,oregon,
832,R C. Willis,43.2%,143839,5,oregon,
833,P M. Sandnes,3.2%,10583,5,oregon,
834,D Winner R. Brady (i),82.2%,237882,1,pennsylvania,
835,R D. Williams,17.8%,51516,1,pennsylvania,
836,D Winner D. Evans,90.2%,310770,2,pennsylvania,
837,R J. Jones,9.8%,33911,2,pennsylvania,
838,R Winner M. Kelly (i),Uncontested,NA,3,pennsylvania,
839,R Winner S. Perry (i),66.1%,216772,4,pennsylvania,
840,D J. Burkholder,33.9%,111158,4,pennsylvania,
841,R Winner G. Thompson (i),67.3%,200627,5,pennsylvania,
842,D K. Strano Taylor,32.7%,97686,5,pennsylvania,
843,R Winner R. Costello (i),57.3%,203671,6,pennsylvania,
844,D M. Parrish,42.7%,151800,6,pennsylvania,
845,R Winner P. Meehan (i),59.7%,219314,7,pennsylvania,
846,D M. Balchunis,40.3%,147808,7,pennsylvania,
847,R Winner B. Fitzpatrick,54.5%,206607,8,pennsylvania,
848,D S. Santarsiero,45.5%,172571,8,pennsylvania,
849,R Winner B. Shuster (i),63.4%,183798,9,pennsylvania,
850,D A. Halvorson,36.6%,105958,9,pennsylvania,
851,R Winner T. Marino (i),70.3%,208106,10,pennsylvania,
852,D M. Molesevich,29.7%,87956,10,pennsylvania,
853,R Winner L. Barletta (i),63.7%,194889,11,pennsylvania,
854,D M. Marsicano,36.3%,111025,11,pennsylvania,
855,R Winner K. Rothfus (i),61.9%,217449,12,pennsylvania,
856,D E. McClelland,38.1%,133607,12,pennsylvania,
857,D Winner B. Boyle (i),Uncontested,NA,13,pennsylvania,
858,D Winner M. Doyle (i),74.3%,252709,14,pennsylvania,
859,R L. McAllister,25.7%,87334,14,pennsylvania,
860,R Winner C. Dent (i),58.4%,184562,15,pennsylvania,
861,D R. Daugherty,38.0%,120233,15,pennsylvania,
862,L P. Rizzo,3.6%,11310,15,pennsylvania,
863,R Winner L. Smucker,53.9%,167698,16,pennsylvania,
864,D C. Hartman,42.7%,132969,16,pennsylvania,
865,L S. House,3.3%,10408,16,pennsylvania,
866,D Winner M. Cartwright (i),53.8%,155766,17,pennsylvania,
867,R M. Connolly,46.2%,133719,17,pennsylvania,
868,R Winner T. Murphy (i),Uncontested,NA,18,pennsylvania,
869,D Winner D. Cicilline (i),64.7%,129272,1,rhode-island,
870,R R. Taub,35.3%,70608,1,rhode-island,
871,D Winner J. Langevin (i),58.2%,131968,2,rhode-island,
872,R R. Reis,30.8%,69918,2,rhode-island,
873,I J. Johnson,7.1%,16116,2,rhode-island,
874,I S. Caiozzo,3.9%,8867,2,rhode-island,
875,R Winner M. Sanford (i),58.6%,186735,1,south-carolina,
876,D D. Cherny,36.9%,117487,1,south-carolina,
877,L M. Grier,3.6%,11451,1,south-carolina,
878,O A. Travison,0.9%,2730,1,south-carolina,
879,R Winner J. Wilson (i),60.3%,183766,2,south-carolina,
880,D A. Bjorn,35.9%,109488,2,south-carolina,
881,O E. McCain,3.8%,11436,2,south-carolina,
882,R Winner J. Duncan (i),72.9%,196793,3,south-carolina,
883,D H. Cleveland,27.1%,72993,3,south-carolina,
884,R Winner T. Gowdy (i),67.2%,197235,4,south-carolina,
885,D C. Fedalei,31.1%,91106,4,south-carolina,
886,C M. Chandler,1.7%,5045,4,south-carolina,
887,R Winner M. Mulvaney (i),59.1%,175139,5,south-carolina,
888,D F. Person,38.8%,114936,5,south-carolina,
889,O R. Barnes,2.1%,6190,5,south-carolina,
890,D Winner J. Clyburn (i),70.2%,179351,6,south-carolina,
891,R L. Sterling,27.6%,70636,6,south-carolina,
892,L R. Piotrowski,1.2%,3135,6,south-carolina,
893,G P. Mallory,1.0%,2518,6,south-carolina,
894,R Winner T. Rice (i),60.7%,170826,7,south-carolina,
895,D M. Hyman,39.3%,110378,7,south-carolina,
896,R Winner K. Noem (i),64.1%,237141,1,south-dakota,
897,D P. Hawks,35.9%,132792,1,south-dakota,
898,R Winner P. Roe (i),78.4%,196563,1,tennessee,
899,D A. Bohms,15.4%,38513,1,tennessee,
900,I R. Franklin,6.2%,15605,1,tennessee,
901,R Winner J. Duncan (i),75.6%,212313,2,tennessee,
902,D S. Starr,24.4%,68373,2,tennessee,
903,R Winner C. Fleischmann (i),66.4%,176440,3,tennessee,
904,D M. Shekari,28.8%,76664,3,tennessee,
905,I C. Mitchell,1.9%,5069,3,tennessee,
906,I R. Tyler,1.9%,5091,3,tennessee,
907,I T. Kersting,0.9%,2489,3,tennessee,
908,R Winner S. DesJarlais (i),65.0%,165594,4,tennessee,
909,D S. Reynolds,35.0%,89018,4,tennessee,
910,D Winner J. Cooper (i),62.5%,170729,5,tennessee,
911,R S. Snyder,37.5%,102220,5,tennessee,
912,R Winner D. Black (i),71.1%,202038,6,tennessee,
913,D D. Kent,21.8%,61940,6,tennessee,
914,I D. Ross,7.1%,20241,6,tennessee,
915,R Winner M. Blackburn (i),72.2%,199057,7,tennessee,
916,D T. Chandler,23.5%,64938,7,tennessee,
917,I L. Ladner,4.3%,11810,7,tennessee,
918,R Winner D. Kustoff,68.8%,193353,8,tennessee,
919,D R. Hobson,25.1%,70426,8,tennessee,
920,I S. Godwin,2.3%,6418,8,tennessee,
921,I J. Hart,1.4%,4045,8,tennessee,
922,I A. Montague,0.9%,2472,8,tennessee,
923,I M. Rawles,0.9%,2432,8,tennessee,
924,I K. Talley-Lane,0.7%,1970,8,tennessee,
925,D Winner S. Cohen (i),78.8%,169911,9,tennessee,
926,R W. Alberson,18.8%,40580,9,tennessee,
927,I P. Cook,2.4%,5165,9,tennessee,
928,R Winner L. Gohmert (i),73.9%,192066,1,texas,
929,D S. McKellar,24.1%,62635,1,texas,
930,L P. Gray,1.9%,5044,1,texas,
931,R Winner T. Poe (i),60.6%,168524,2,texas,
932,D P. Bryan,36.0%,100077,2,texas,
933,L J. Veasaw,2.3%,6418,2,texas,
934,G J. Darr,1.0%,2872,2,texas,
935,R Winner S. Johnson (i),61.3%,193063,3,texas,
936,D A. Bell,34.5%,108780,3,texas,
937,L S. Jameson,3.3%,10408,3,texas,
938,G P. Blair,0.9%,2893,3,texas,
939,R Winner J. Ratcliffe (i),88.0%,215705,4,texas,
940,L C. Wommack,12.0%,29437,4,texas,
941,R Winner J. Hensarling (i),80.6%,155149,5,texas,
942,L K. Ashby,19.4%,37311,5,texas,
943,R Winner J. Barton (i),58.3%,159213,6,texas,
944,D R. Woolridge,39.0%,106510,6,texas,
945,G D. Smith,2.6%,7172,6,texas,
946,R Winner J. Culberson (i),56.2%,143369,7,texas,
947,D J. Cargas,43.8%,111774,7,texas,
948,R Winner K. Brady (i),Uncontested,NA,8,texas,
949,D Winner A. Green (i),80.6%,151884,9,texas,
950,R J. Martin,19.4%,36454,9,texas,
951,R Winner M. McCaul (i),57.4%,178926,10,texas,
952,D T. Cadien,38.4%,119728,10,texas,
953,L B. Kelsey,4.2%,13174,10,texas,
954,R Winner M. Conaway (i),89.5%,201476,11,texas,
955,L N. Landholt,10.5%,23613,11,texas,
956,R Winner K. Granger (i),69.4%,196331,12,texas,
957,D B. Bradshaw,26.8%,75938,12,texas,
958,L E. Colliver,3.7%,10586,12,texas,
959,R Winner M. Thornberry (i),90.0%,198730,13,texas,
960,L C. DeWeese,6.7%,14687,13,texas,
961,G R. Tomlinson,3.4%,7437,13,texas,
962,R Winner R. Weber (i),61.9%,160340,14,texas,
963,D M. Cole,38.1%,98815,14,texas,
964,D Winner V. Gonzalez,57.3%,101592,15,texas,
965,R T. Westley,37.7%,66732,15,texas,
966,G V. Tijerina,3.1%,5439,15,texas,
967,L R. Leone,1.9%,3435,15,texas,
968,D Winner B. O'Rourke (i),85.8%,148027,16,texas,
969,L J. Perez,9.9%,17144,16,texas,
970,G M. Gourdoux,4.3%,7413,16,texas,
971,R Winner B. Flores (i),60.8%,149157,17,texas,
972,D W. Matta,35.2%,86352,17,texas,
973,L C. Patterson,3.9%,9685,17,texas,
974,D Winner S. Jackson Lee (i),73.5%,149928,18,texas,
975,R L. Bartley,23.6%,48248,18,texas,
976,G T. Kleven,2.9%,5838,18,texas,
977,R Winner J. Arrington,86.7%,175980,19,texas,
978,L T. Bonar,8.5%,17339,19,texas,
979,G M. Lawson,4.8%,9761,19,texas,
980,D Winner J. Castro (i),79.7%,149522,20,texas,
981,L J. Blunt,15.5%,29023,20,texas,
982,G P. Pipkin,4.8%,8969,20,texas,
983,R Winner L. Smith (i),57.0%,202523,21,texas,
984,D T. Wakely,36.4%,129253,21,texas,
985,L M. Loewe,4.1%,14698,21,texas,
986,G T. Diaz,2.4%,8520,21,texas,
987,R Winner P. Olson (i),59.5%,181663,22,texas,
988,D M. Gibson,40.5%,123462,22,texas,
989,R Winner W. Hurd (i),48.5%,109816,23,texas,
990,D P. Gallego,46.8%,106049,23,texas,
991,L R. Corvalan,4.7%,10717,23,texas,
992,R Winner K. Marchant (i),56.2%,154364,24,texas,
993,D J. McDowell,39.3%,107845,24,texas,
994,L M. Kolls,3.1%,8574,24,texas,
995,G K. McCormick,1.4%,3742,24,texas,
996,R Winner R. Williams (i),58.4%,180579,25,texas,
997,D K. Thomas,37.7%,116552,25,texas,
998,L L. Schneiderman,3.9%,12092,25,texas,
999,R Winner M. Burgess (i),66.3%,210313,26,texas,
1000,D E. Mauck,29.6%,93954,26,texas,
1001,L M. Boler,4.0%,12734,26,texas,
1002,R Winner B. Farenthold (i),61.7%,141722,27,texas,
1003,D R. Barrera,38.3%,87931,27,texas,
1004,D Winner H. Cuellar (i),66.2%,121980,28,texas,
1005,R Z. Hardin,31.3%,57683,28,texas,
1006,G M. Cary,2.5%,4607,28,texas,
1007,D Winner G. Green (i),72.5%,95508,29,texas,
1008,R J. Garza,24.0%,31619,29,texas,
1009,L R. Perez,2.4%,3229,29,texas,
1010,G J. Partsch-Galvan,1.1%,1453,29,texas,
1011,D Winner E. Johnson (i),77.9%,169905,30,texas,
1012,R C. Lingerfelt,19.0%,41365,30,texas,
1013,L J. Woods,2.2%,4740,30,texas,
1014,G T. Prentice,0.9%,2051,30,texas,
1015,R Winner J. Carter (i),58.4%,165678,31,texas,
1016,D M. Clark,36.5%,103543,31,texas,
1017,L S. Ballard,5.2%,14638,31,texas,
1018,R Winner P. Sessions (i),71.1%,162212,32,texas,
1019,L E. Rankin,19.0%,43297,32,texas,
1020,G G. Stuard,9.9%,22692,32,texas,
1021,D Winner M. Veasey (i),73.7%,92914,33,texas,
1022,R M. Mitchell,26.3%,33156,33,texas,
1023,D Winner F. Vela (i),62.7%,104513,34,texas,
1024,R R. Gonzalez,37.3%,62240,34,texas,
1025,D Winner L. Doggett (i),63.1%,124161,35,texas,
1026,R S. Narvaiz,31.6%,62212,35,texas,
1027,L R. Smith,3.3%,6484,35,texas,
1028,G S. Trimble,2.1%,4064,35,texas,
1029,R Winner B. Babin (i),88.7%,203779,36,texas,
1030,G H. Ridley,11.3%,25911,36,texas,
1031,R Winner R. Bishop (i),65.4%,157106,1,utah,
1032,D P. Clemens,27.2%,65403,1,utah,
1033,L C. Bowden,5.7%,13734,1,utah,
1034,U C. Fairbanks,1.7%,4068,1,utah,
1035,R Winner C. Stewart (i),61.5%,149838,2,utah,
1036,D C. Albarran,34.1%,83131,2,utah,
1037,C P. McCollaum,4.4%,10724,2,utah,
1038,R Winner J. Chaffetz (i),73.3%,186743,3,utah,
1039,D S. Tryon,26.7%,68104,3,utah,
1040,R Winner M. Love (i),53.5%,123459,4,utah,
1041,D D. Owens,41.7%,96284,4,utah,
1042,C C. Simonsen,4.8%,10959,4,utah,
1043,D Winner P. Welch (i),90.0%,263400,1,vermont,
1044,L E. Clawson,10.0%,29326,1,vermont,
1045,R Winner R. Wittman (i),60.9%,221826,1,virginia,
1046,D M. Rowe,35.8%,130320,1,virginia,
1047,I G. Parker,3.3%,12150,1,virginia,
1048,R Winner S. Taylor,61.7%,172586,2,virginia,
1049,D S. Brown,38.3%,106979,2,virginia,
1050,D Winner R. Scott (i),66.9%,199748,3,virginia,
1051,R M. Williams,33.1%,99047,3,virginia,
1052,D Winner D. McEachin,57.3%,191939,4,virginia,
1053,R M. Wade,42.7%,143261,4,virginia,
1054,R Winner T. Garrett,58.3%,206577,5,virginia,
1055,D J. Dittmar,41.7%,147656,5,virginia,
1056,R Winner R. Goodlatte (i),66.7%,223915,6,virginia,
1057,D K. Degner,33.3%,111699,6,virginia,
1058,R Winner D. Brat (i),57.9%,217968,7,virginia,
1059,D E. Bedell,42.1%,158692,7,virginia,
1060,D Winner D. Beyer (i),68.6%,245775,8,virginia,
1061,R C. Hernick,27.4%,98123,8,virginia,
1062,I J. Gracia,4.1%,14617,8,virginia,
1063,R Winner M. Griffith (i),68.7%,212666,9,virginia,
1064,D D. Kitts,28.4%,87822,9,virginia,
1065,I J. Boyd,2.9%,9098,9,virginia,
1066,R Winner B. Comstock (i),52.9%,204019,10,virginia,
1067,D L. Bennett,47.1%,181977,10,virginia,
1068,D Winner G. Connolly (i),Uncontested,NA,11,virginia,
1069,D Winner S. DelBene (i),55.5%,179521,1,washington,
1070,R R. Sutherland,44.5%,144212,1,washington,
1071,D Winner R. Larsen (i),64.0%,195661,2,washington,
1072,R M. Hennemann,36.0%,109838,2,washington,
1073,R Winner J. Herrera Beutler (i),61.4%,183375,3,washington,
1074,D J. Moeller,38.6%,115277,3,washington,
1075,R Winner D. Newhouse (i),57.4%,121256,4,washington,
1076,R C. Didier,42.6%,90091,4,washington,
1077,R Winner C. McMorris Rodgers (i),59.5%,170711,5,washington,
1078,D J. Pakootas,40.5%,116110,5,washington,
1079,D Winner D. Kilmer (i),61.7%,189168,6,washington,
1080,R T. Bloom,38.3%,117388,6,washington,
1081,D Winner P. Jayapal,56.1%,192566,7,washington,
1082,D B. Walkinshaw,43.9%,150803,7,washington,
1083,R Winner D. Reichert (i),60.0%,174729,8,washington,
1084,D T. Ventrella,40.0%,116268,8,washington,
1085,D Winner A. Smith (i),73.0%,186787,9,washington,
1086,R D. Basler,27.0%,68998,9,washington,
1087,D Winner D. Heck (i),58.7%,159208,10,washington,
1088,R J. Postma,41.3%,112164,10,washington,
1089,R Winner D. McKinley (i),69.0%,162339,1,west-virginia,
1090,D M. Manypenny,31.0%,73025,1,west-virginia,
1091,R Winner A. Mooney (i),58.2%,140153,2,west-virginia,
1092,D M. Hunt,41.8%,100551,2,west-virginia,
1093,R Winner E. Jenkins (i),67.9%,139700,3,west-virginia,
1094,D M. Detch,24.0%,49309,3,west-virginia,
1095,L Z. Lawhorn,8.2%,16777,3,west-virginia,
1096,R Winner P. Ryan (i),65.0%,230063,1,wisconsin,
1097,D R. Solen,30.2%,106857,1,wisconsin,
1098,I S. Zimmerman,2.7%,9435,1,wisconsin,
1099,L J. Lebeck,2.1%,7493,1,wisconsin,
1100,D Winner M. Pocan (i),68.7%,275016,2,wisconsin,
1101,R P. Theron,31.3%,125033,2,wisconsin,
1102,D Winner R. Kind (i),Uncontested,NA,3,wisconsin,
1103,D Winner G. Moore (i),77.0%,220389,4,wisconsin,
1104,I R. Raymond,11.7%,33496,4,wisconsin,
1105,L A. Craig,11.3%,32184,4,wisconsin,
1106,R Winner J. Sensenbrenner (i),66.8%,260703,5,wisconsin,
1107,D K. Penebaker,29.3%,114469,5,wisconsin,
1108,L J. Arndt,3.9%,15324,5,wisconsin,
1109,R Winner G. Grothman (i),57.2%,203920,6,wisconsin,
1110,D S. Lloyd,37.3%,132908,6,wisconsin,
1111,I J. Dahlke,5.5%,19690,6,wisconsin,
1112,R Winner S. Duffy (i),61.8%,222834,7,wisconsin,
1113,D M. Hoeft,38.2%,137910,7,wisconsin,
1114,R Winner M. Gallagher,62.7%,227732,8,wisconsin,
1115,D T. Nelson,37.3%,135648,8,wisconsin,
1116,R Winner L. Cheney,62.2%,156040,1,wyoming,
1117,D R. Greene,30.1%,75419,1,wyoming,
1118,C D. Cummings,4.1%,10381,1,wyoming,
1119,L L. Struempf,3.6%,9028,1,wyoming,
